DOI,Link
../../cs.AI/2022/2207.09374v1/2207.09374v1.pdf,
../../cs.AI/2022/2205.00399v1/2205.00399v1.pdf,
../../cs.AI/2022/2206.08758v2/2206.08758v2.pdf,
../../cs.AI/2022/2205.10018v3/2205.10018v3.pdf,
../../cs.AI/2022/2207.03336v1/2207.03336v1.pdf,https://github.com/aig-upf/tarski
../../cs.AI/2022/2206.01822v1/2206.01822v1.pdf,https://github.com/pellierd/pddl4j
../../cs.AI/2022/2203.02217v1/2203.02217v1.pdf,
../../cs.AI/2022/2208.12726v1/2208.12726v1.pdf,
../../cs.AI/2022/2211.03943v1/2211.03943v1.pdf,
../../cs.AI/2022/2208.06555v2/2208.06555v2.pdf,https://github.com/fivosts/BenchPress
../../cs.AI/2022/2206.05421v1/2206.05421v1.pdf,https://github.com/cmu-phil/grasp
../../cs.AI/2022/2201.09222v1/2201.09222v1.pdf,https://github.com/delas/OnlineSoftConformance
../../cs.AI/2022/2205.14753v1/2205.14753v1.pdf,https://github.com/stacs-cp/AutoIG
../../cs.AI/2022/2203.00083v1/2203.00083v1.pdf,
../../cs.AI/2022/2205.11589v1/2205.11589v1.pdf,
../../cs.AI/2022/2212.04576v3/2212.04576v3.pdf,
../../cs.AI/2022/2201.09305v1/2201.09305v1.pdf,
../../cs.AI/2022/2202.05793v1/2202.05793v1.pdf,https://github.com/potassco/plasp
../../cs.AI/2022/2206.05370v2/2206.05370v2.pdf,
../../cs.AI/2022/2209.15133v1/2209.15133v1.pdf,
../../cs.AI/2022/2201.07125v1/2201.07125v1.pdf,
../../cs.AI/2022/2210.12556v1/2210.12556v1.pdf,
../../cs.AI/2022/2212.03178v1/2212.03178v1.pdf,https://github.com/BioinformaticsIASBS/LCS-DSclassification
../../cs.AI/2022/2212.11011v1/2212.11011v1.pdf,
../../cs.AI/2022/2208.08017v1/2208.08017v1.pdf,
../../cs.AI/2022/2209.10656v2/2209.10656v2.pdf,https://github.com/rlworkgroup/garage
../../cs.AI/2022/2209.09838v1/2209.09838v1.pdf,
../../cs.AI/2022/2203.10794v2/2203.10794v2.pdf,
../../cs.AI/2022/2203.01657v1/2203.01657v1.pdf,
../../cs.AI/2022/2210.08007v1/2210.08007v1.pdf,
../../cs.AI/2022/2206.06882v1/2206.06882v1.pdf,
../../cs.AI/2022/2205.03151v1/2205.03151v1.pdf,
../../cs.AI/2022/2211.13469v3/2211.13469v3.pdf,https://github.com/LHRLAB/NQE
../../cs.AI/2022/2206.07505v2/2206.07505v2.pdf,
../../cs.AI/2022/2207.03025v1/2207.03025v1.pdf,
../../cs.AI/2022/2203.12802v2/2203.12802v2.pdf,
../../cs.AI/2022/2207.03214v1/2207.03214v1.pdf,
../../cs.AI/2022/2203.11743v1/2203.11743v1.pdf,
../../cs.AI/2022/2207.01275v2/2207.01275v2.pdf,
../../cs.AI/2022/2208.07805v1/2208.07805v1.pdf,
../../cs.AI/2022/2209.15137v3/2209.15137v3.pdf,
../../cs.AI/2022/2212.00443v4/2212.00443v4.pdf,https://github.com/KanghoonYoon/hetsgg-torch
../../cs.AI/2022/2208.08176v1/2208.08176v1.pdf,
../../cs.AI/2022/2210.08809v2/2210.08809v2.pdf,https://github.com/yjw1029/DeepQSE
../../cs.AI/2022/2204.00747v2/2204.00747v2.pdf,https://github.com/DataScienceLab18/IndoorToolKit
../../cs.AI/2022/2208.05438v6/2208.05438v6.pdf,https://github.com/HongyangDu/AttentionQoE
../../cs.AI/2022/2202.12003v2/2202.12003v2.pdf,
../../cs.AI/2022/2202.01040v1/2202.01040v1.pdf,
../../cs.AI/2022/2210.00852v1/2210.00852v1.pdf,
../../cs.AI/2022/2204.05627v2/2204.05627v2.pdf,
../../cs.AI/2022/2202.11333v1/2202.11333v1.pdf,https://github.com/neurosynth/neurosynth
../../cs.AI/2022/2212.00368v1/2212.00368v1.pdf,
../../cs.AI/2022/2202.03520v1/2202.03520v1.pdf,
../../cs.AI/2022/2202.06015v1/2202.06015v1.pdf,
../../cs.AI/2022/2209.04160v1/2209.04160v1.pdf,
../../cs.AI/2022/2205.06485v1/2205.06485v1.pdf,
../../cs.AI/2022/2211.15864v1/2211.15864v1.pdf,https://github.com/gpoesia/peano
../../cs.AI/2022/2211.15234v1/2211.15234v1.pdf,
../../cs.AI/2022/2204.07203v1/2204.07203v1.pdf,github.com/pnnl/expert
../../cs.AI/2022/2204.06138v1/2204.06138v1.pdf,
../../cs.AI/2022/2203.01146v1/2203.01146v1.pdf,https://github.com/Question406/LearningToFocus.3
../../cs.AI/2022/2211.14673v1/2211.14673v1.pdf,https://github.com/jzf2101/alphatology
../../cs.AI/2022/2209.15104v1/2209.15104v1.pdf,
../../cs.AI/2022/2205.00911v1/2205.00911v1.pdf,
../../cs.AI/2022/2208.08968v1/2208.08968v1.pdf,
../../cs.AI/2022/2204.04148v1/2204.04148v1.pdf,
../../cs.AI/2022/2207.03206v1/2207.03206v1.pdf,https://github.com/ADLILog/ADLILog
../../cs.AI/2022/2202.12954v1/2202.12954v1.pdf,
../../cs.AI/2022/2212.10252v1/2212.10252v1.pdf,
../../cs.AI/2022/2204.05206v2/2204.05206v2.pdf,
../../cs.AI/2022/2201.08164v3/2201.08164v3.pdf,
../../cs.AI/2022/2207.13857v1/2207.13857v1.pdf,
../../cs.AI/2022/2206.11831v1/2206.11831v1.pdf,https://github.com/aseembits93/attainable-utility-preservation
../../cs.AI/2022/2206.14298v1/2206.14298v1.pdf,
../../cs.AI/2022/2211.15566v2/2211.15566v2.pdf,
../../cs.AI/2022/2206.06440v3/2206.06440v3.pdf,
../../cs.AI/2022/2211.12006v2/2211.12006v2.pdf,
../../cs.AI/2022/2210.08994v2/2210.08994v2.pdf,
../../cs.AI/2022/2202.10695v1/2202.10695v1.pdf,
../../cs.AI/2022/2205.03375v1/2205.03375v1.pdf,
../../cs.AI/2022/2212.08967v1/2212.08967v1.pdf,
../../cs.AI/2022/2208.03423v1/2208.03423v1.pdf,
../../cs.AI/2022/2202.12622v1/2202.12622v1.pdf,
../../cs.AI/2022/2206.06213v1/2206.06213v1.pdf,
../../cs.AI/2022/2201.13169v2/2201.13169v2.pdf,
../../cs.AI/2022/2206.07084v1/2206.07084v1.pdf,
../../cs.AI/2022/2210.09708v1/2210.09708v1.pdf,
../../cs.AI/2022/2212.14462v1/2212.14462v1.pdf,
../../cs.AI/2022/2209.00917v1/2209.00917v1.pdf,github.com/gglorian/Nacre1
../../cs.AI/2022/2202.12566v1/2202.12566v1.pdf,https://github.com/DuarteMRAlves/yolov5-grpc
../../cs.AI/2022/2202.13794v1/2202.13794v1.pdf,
../../cs.AI/2022/2207.11007v2/2207.11007v2.pdf,
../../cs.AI/2022/2202.09301v2/2202.09301v2.pdf,
../../cs.AI/2022/2203.01024v1/2203.01024v1.pdf,
../../cs.AI/2022/2205.06241v2/2205.06241v2.pdf,
../../cs.AI/2022/2205.11173v1/2205.11173v1.pdf,
../../cs.AI/2022/2207.08096v1/2207.08096v1.pdf,
../../cs.AI/2022/2212.11879v1/2212.11879v1.pdf,
../../cs.AI/2022/2209.03070v2/2209.03070v2.pdf,
../../cs.AI/2022/2210.15236v1/2210.15236v1.pdf,
../../cs.AI/2022/2210.08713v2/2210.08713v2.pdf,https://github.com/caskcsg/SPCL
../../cs.AI/2022/2207.00719v1/2207.00719v1.pdf,https://github.com/LemonQC/KG2Text
../../cs.AI/2022/2206.11812v3/2206.11812v3.pdf,https://github.com/aseembits93/attainable-utility-preservation
../../cs.AI/2022/2208.12480v1/2208.12480v1.pdf,
../../cs.AI/2022/2212.10030v1/2212.10030v1.pdf,
../../cs.AI/2022/2209.09819v1/2209.09819v1.pdf,
../../cs.AI/2022/2209.13160v1/2209.13160v1.pdf,https://github.com/sisl/action_suggestions
../../cs.AI/2022/2205.11005v1/2205.11005v1.pdf,https://github.com/alibaba/AliceMind
../../cs.AI/2022/2209.12423v2/2209.12423v2.pdf,
../../cs.AI/2022/2204.10856v1/2204.10856v1.pdf,
../../cs.AI/2022/2211.17199v1/2211.17199v1.pdf,https://github.com/yohayt/Resource-Sharing-Through-Multi-Round-Matchings
../../cs.AI/2022/2208.03097v1/2208.03097v1.pdf,
../../cs.AI/2022/2211.03950v1/2211.03950v1.pdf,https://github.com/feiwangyuzhou/TernaryCL
../../cs.AI/2022/2202.03057v2/2202.03057v2.pdf,http://github.com/google/jax
../../cs.AI/2022/2204.11902v3/2204.11902v3.pdf,
../../cs.AI/2022/2204.04009v2/2204.04009v2.pdf,
../../cs.AI/2022/2211.03888v2/2211.03888v2.pdf,
../../cs.AI/2022/2205.08777v1/2205.08777v1.pdf,
../../cs.AI/2022/2201.07474v1/2201.07474v1.pdf,
../../cs.AI/2022/2209.02390v2/2209.02390v2.pdf,
../../cs.AI/2022/2205.10127v1/2205.10127v1.pdf,
../../cs.AI/2022/2202.13686v1/2202.13686v1.pdf,
../../cs.AI/2022/2202.13003v1/2202.13003v1.pdf,
../../cs.AI/2022/2209.05698v1/2209.05698v1.pdf,
../../cs.AI/2022/2201.05576v1/2201.05576v1.pdf,
../../cs.AI/2022/2205.04522v3/2205.04522v3.pdf,
../../cs.AI/2022/2205.01290v1/2205.01290v1.pdf,https://github.com/jayetri/DrugEHRQA-A-Question-Answering-Dataset-on-Structured-and-Unstructured-Electronic-Health-Records
../../cs.AI/2022/2207.08379v1/2207.08379v1.pdf,https://github.com/Inspector-GameTesting/Inspector-GameTesting
../../cs.AI/2022/2208.06590v2/2208.06590v2.pdf,
../../cs.AI/2022/2206.05922v2/2206.05922v2.pdf,
../../cs.AI/2022/2201.08032v1/2201.08032v1.pdf,
../../cs.AI/2022/2201.03810v1/2201.03810v1.pdf,
../../cs.AI/2022/2208.09554v3/2208.09554v3.pdf,
../../cs.AI/2022/2208.06802v1/2208.06802v1.pdf,
../../cs.AI/2022/2208.03121v1/2208.03121v1.pdf,
../../cs.AI/2022/2209.02646v9/2209.02646v9.pdf,https://github.com/chq1155/A-Survey-on-Generative-Diffusion-Model
../../cs.AI/2022/2208.02029v1/2208.02029v1.pdf,
../../cs.AI/2022/2207.01845v2/2207.01845v2.pdf,
../../cs.AI/2022/2205.11973v1/2205.11973v1.pdf,
../../cs.AI/2022/2209.04022v1/2209.04022v1.pdf,
../../cs.AI/2022/2211.01496v1/2211.01496v1.pdf,
../../cs.AI/2022/2204.13305v1/2204.13305v1.pdf,
../../cs.AI/2022/2208.07074v3/2208.07074v3.pdf,
../../cs.AI/2022/2209.04100v2/2209.04100v2.pdf,
../../cs.AI/2022/2201.09760v2/2201.09760v2.pdf,
../../cs.AI/2022/2205.00077v1/2205.00077v1.pdf,
../../cs.AI/2022/2202.08856v1/2202.08856v1.pdf,
../../cs.AI/2022/2202.03246v1/2202.03246v1.pdf,
../../cs.AI/2022/2203.03485v1/2203.03485v1.pdf,
../../cs.AI/2022/2211.04313v1/2211.04313v1.pdf,
../../cs.AI/2022/2207.14119v1/2207.14119v1.pdf,https://github.com/ckindermann/iswc-2022
../../cs.AI/2022/2208.09568v1/2208.09568v1.pdf,
../../cs.AI/2022/2209.09618v1/2209.09618v1.pdf,
../../cs.AI/2022/2210.09992v1/2210.09992v1.pdf,
../../cs.AI/2022/2212.11214v1/2212.11214v1.pdf,https://github.com/creapar/crowdscore
../../cs.AI/2022/2205.13728v1/2205.13728v1.pdf,https://github.com/caoysh/GALOIS
../../cs.AI/2022/2207.13181v2/2207.13181v2.pdf,
../../cs.AI/2022/2207.12162v1/2207.12162v1.pdf,
../../cs.AI/2022/2212.00506v2/2212.00506v2.pdf,
../../cs.AI/2022/2206.05418v1/2206.05418v1.pdf,
../../cs.AI/2022/2201.11691v2/2201.11691v2.pdf,
../../cs.AI/2022/2211.10085v3/2211.10085v3.pdf,https://github.com/KMY-SEU/HCE
../../cs.AI/2022/2202.02734v1/2202.02734v1.pdf,
../../cs.AI/2022/2204.04780v2/2204.04780v2.pdf,
../../cs.AI/2022/2212.12050v2/2212.12050v2.pdf,
../../cs.AI/2022/2208.02187v1/2208.02187v1.pdf,
../../cs.AI/2022/2204.14172v1/2204.14172v1.pdf,
../../cs.AI/2022/2201.09880v1/2201.09880v1.pdf,
../../cs.AI/2022/2201.10453v1/2201.10453v1.pdf,https://github.com/paulorocosta/ai-for-tsp-competition
../../cs.AI/2022/2203.01310v2/2203.01310v2.pdf,
../../cs.AI/2022/2208.12523v1/2208.12523v1.pdf,https://github.com/HumanBehaviourChangeProject/semantic-prediction
../../cs.AI/2022/2208.06906v1/2208.06906v1.pdf,
../../cs.AI/2022/2204.04322v3/2204.04322v3.pdf,https://github.com/ramonpereira/paladinus
../../cs.AI/2022/2201.09424v2/2201.09424v2.pdf,
../../cs.AI/2022/2205.11367v1/2205.11367v1.pdf,
../../cs.AI/2022/2203.01201v1/2203.01201v1.pdf,
../../cs.AI/2022/2208.09137v2/2208.09137v2.pdf,https://github.com/DeepGraphLearning/KnowledgeGraphEmbedding
../../cs.AI/2022/2203.13599v3/2203.13599v3.pdf,https://github.com/GuillermoPuebla/rrl
../../cs.AI/2022/2207.05259v1/2207.05259v1.pdf,
../../cs.AI/2022/2210.11217v2/2210.11217v2.pdf,
../../cs.AI/2022/2211.12270v1/2211.12270v1.pdf,
../../cs.AI/2022/2206.13658v1/2206.13658v1.pdf,
../../cs.AI/2022/2206.01240v1/2206.01240v1.pdf,https://github.com/markopalangetic/FGAC_experiments
../../cs.AI/2022/2206.04460v3/2206.04460v3.pdf,
../../cs.AI/2022/2201.13427v1/2201.13427v1.pdf,
../../cs.AI/2022/2208.12386v2/2208.12386v2.pdf,
../../cs.AI/2022/2205.03854v1/2205.03854v1.pdf,
../../cs.AI/2022/2205.02919v2/2205.02919v2.pdf,
../../cs.AI/2022/2210.13207v1/2210.13207v1.pdf,
../../cs.AI/2022/2208.07031v2/2208.07031v2.pdf,
../../cs.AI/2022/2202.07065v1/2202.07065v1.pdf,
../../cs.AI/2022/2204.03551v1/2204.03551v1.pdf,
../../cs.AI/2022/2212.05412v1/2212.05412v1.pdf,
../../cs.AI/2022/2204.10420v1/2204.10420v1.pdf,https://github.com/ryangpeixu/pg3
../../cs.AI/2022/2207.01257v1/2207.01257v1.pdf,
../../cs.AI/2022/2203.03344v1/2203.03344v1.pdf,https://github.com/koulanurag/ma-gym
../../cs.AI/2022/2203.09926v1/2203.09926v1.pdf,
../../cs.AI/2022/2208.04153v1/2208.04153v1.pdf,https://github.com/omron-sinicx/planning-datasets
../../cs.AI/2022/2209.04355v1/2209.04355v1.pdf,https://github.com/thuiar/MIntRec
../../cs.AI/2022/2209.12623v1/2209.12623v1.pdf,
../../cs.AI/2022/2212.07226v2/2212.07226v2.pdf,
../../cs.AI/2022/2201.07749v2/2201.07749v2.pdf,
../../cs.AI/2022/2206.12142v1/2206.12142v1.pdf,https://github.com/Lion-ZS/ER
../../cs.AI/2022/2208.10932v1/2208.10932v1.pdf,
../../cs.AI/2022/2204.06355v1/2204.06355v1.pdf,https://github.com/joonleesky/train-procgen-pytorch
../../cs.AI/2022/2209.13501v1/2209.13501v1.pdf,
../../cs.AI/2022/2211.13315v1/2211.13315v1.pdf,
../../cs.AI/2022/2206.06618v1/2206.06618v1.pdf,
../../cs.AI/2022/2202.04977v3/2202.04977v3.pdf,
../../cs.AI/2022/2205.09729v1/2205.09729v1.pdf,https://github.com/echalmers/modulated_td_error
../../cs.AI/2022/2210.02769v1/2210.02769v1.pdf,
../../cs.AI/2022/2208.08149v1/2208.08149v1.pdf,
../../cs.AI/2022/2210.12373v1/2210.12373v1.pdf,
../../cs.AI/2022/2209.02157v1/2209.02157v1.pdf,https://github.com/qwerasdfzxcv852/demo-Lepus
../../cs.AI/2022/2201.11580v1/2201.11580v1.pdf,https://github.com/AI-Decision/DecisionHoldem
../../cs.AI/2022/2208.02914v1/2208.02914v1.pdf,https://github.com/probcomp/SolvingBIB.jl
../../cs.AI/2022/2206.13174v1/2206.13174v1.pdf,
../../cs.AI/2022/2203.00669v2/2203.00669v2.pdf,
../../cs.AI/2022/2211.14405v1/2211.14405v1.pdf,
../../cs.AI/2022/2205.01331v1/2205.01331v1.pdf,https://github.com/pbellot/graphyp
../../cs.AI/2022/2209.13002v2/2209.13002v2.pdf,
../../cs.AI/2022/2211.11650v1/2211.11650v1.pdf,
../../cs.AI/2022/2203.00467v2/2203.00467v2.pdf,
../../cs.AI/2022/2210.01484v1/2210.01484v1.pdf,
../../cs.AI/2022/2210.11298v2/2210.11298v2.pdf,
../../cs.AI/2022/2203.12673v1/2203.12673v1.pdf,
../../cs.AI/2022/2204.06403v2/2204.06403v2.pdf,
../../cs.AI/2022/2202.03759v1/2202.03759v1.pdf,
../../cs.AI/2022/2209.15111v2/2209.15111v2.pdf,
../../cs.AI/2022/2212.06064v1/2212.06064v1.pdf,
../../cs.AI/2022/2212.06564v1/2212.06564v1.pdf,https://github.com/Sergey-Zeltyn/MIP-dataset
../../cs.AI/2022/2207.11897v1/2207.11897v1.pdf,
../../cs.AI/2022/2206.07082v3/2206.07082v3.pdf,
../../cs.AI/2022/2201.06409v2/2201.06409v2.pdf,https://github.com/PlaytikaResearch/public_waterfall2
../../cs.AI/2022/2205.10530v1/2205.10530v1.pdf,
../../cs.AI/2022/2206.07472v1/2206.07472v1.pdf,https://github.com/hkharryking/labeled
../../cs.AI/2022/2205.03931v2/2205.03931v2.pdf,
../../cs.AI/2022/2205.11234v2/2205.11234v2.pdf,https://github.com/IyarLin/simMixedDAG
../../cs.AI/2022/2206.01815v1/2206.01815v1.pdf,
../../cs.AI/2022/2207.00788v2/2207.00788v2.pdf,
../../cs.AI/2022/2204.05148v2/2204.05148v2.pdf,
../../cs.AI/2022/2201.06401v2/2201.06401v2.pdf,https://github.com/Ludeme/Ludii
../../cs.AI/2022/2207.12252v2/2207.12252v2.pdf,https://github.com/hsu-aut/lion
../../cs.AI/2022/2204.04918v1/2204.04918v1.pdf,https://github.com/guochengqian/TNAS
../../cs.AI/2022/2211.15941v1/2211.15941v1.pdf,
../../cs.AI/2022/2203.17109v1/2203.17109v1.pdf,
../../cs.AI/2022/2207.12764v1/2207.12764v1.pdf,
../../cs.AI/2022/2201.05910v1/2201.05910v1.pdf,https://github.com/mana-ysh/knowledge-graph-embeddings
../../cs.AI/2022/2207.03270v4/2207.03270v4.pdf,https://github.com/hill-a/stable-baselines
../../cs.AI/2022/2205.13958v5/2205.13958v5.pdf,
../../cs.AI/2022/2202.03192v2/2202.03192v2.pdf,
../../cs.AI/2022/2204.13775v2/2204.13775v2.pdf,
../../cs.AI/2022/2204.12562v3/2204.12562v3.pdf,
../../cs.AI/2022/2205.15141v2/2205.15141v2.pdf,https://github.com/ryoryon66/TAAM
../../cs.AI/2022/2202.07919v3/2202.07919v3.pdf,https://github.com/anrep/HousE
../../cs.AI/2022/2211.05423v1/2211.05423v1.pdf,
../../cs.AI/2022/2209.04911v1/2209.04911v1.pdf,https://github.com/MasterMilkX/KekeCompetition
../../cs.AI/2022/2211.05939v4/2211.05939v4.pdf,https://github.com/ataitler/pyRDDLGym
../../cs.AI/2022/2206.08626v1/2206.08626v1.pdf,
../../cs.AI/2022/2208.08790v1/2208.08790v1.pdf,
../../cs.AI/2022/2203.13929v1/2203.13929v1.pdf,
../../cs.AI/2022/2201.07719v1/2201.07719v1.pdf,
../../cs.AI/2022/2207.06118v1/2207.06118v1.pdf,
../../cs.AI/2022/2203.12969v1/2203.12969v1.pdf,https://github.com/gyunamister/impacta
../../cs.AI/2022/2202.03971v1/2202.03971v1.pdf,
../../cs.AI/2022/2204.02495v1/2204.02495v1.pdf,
../../cs.AI/2022/2207.01211v1/2207.01211v1.pdf,
../../cs.AI/2022/2210.08608v1/2210.08608v1.pdf,
../../cs.AI/2022/2212.00543v2/2212.00543v2.pdf,https://github.com/Nanfeizhilu/FGS
../../cs.AI/2022/2212.10276v1/2212.10276v1.pdf,
../../cs.AI/2022/2205.01546v1/2205.01546v1.pdf,
../../cs.AI/2022/2211.06011v1/2211.06011v1.pdf,
../../cs.AI/2022/2203.12817v2/2203.12817v2.pdf,https://github.com/Cranial-XIX/Continual-Learning-Private-Unlearning
../../cs.AI/2022/2203.10540v1/2203.10540v1.pdf,
../../cs.AI/2022/2209.07479v2/2209.07479v2.pdf,
../../cs.AI/2022/2210.08153v1/2210.08153v1.pdf,https://github.com/NagisaZj/CUP
../../cs.AI/2022/2206.11017v3/2206.11017v3.pdf,https://github.com/jalaliamin/ResearchCode
../../cs.AI/2022/2209.11067v1/2209.11067v1.pdf,
../../cs.AI/2022/2206.02019v1/2206.02019v1.pdf,
../../cs.AI/2022/2207.12166v1/2207.12166v1.pdf,https://github.com/amrisi/amr-guidelines
../../cs.AI/2022/2210.08874v1/2210.08874v1.pdf,
../../cs.AI/2022/2208.06224v1/2208.06224v1.pdf,
../../cs.AI/2022/2206.07988v1/2206.07988v1.pdf,https://github.com/irshadbhat/csnli
../../cs.AI/2022/2204.05579v1/2204.05579v1.pdf,
../../cs.AI/2022/2203.02878v1/2203.02878v1.pdf,
../../cs.AI/2022/2202.07553v1/2202.07553v1.pdf,https://github.com/XuanxiangHuang/fmp-experiments
../../cs.AI/2022/2204.04301v3/2204.04301v3.pdf,https://github.com/AAIR-lab/GRAPL
../../cs.AI/2022/2204.01611v1/2204.01611v1.pdf,https://github.com/tae898/explicit-memory
../../cs.AI/2022/2205.06483v1/2205.06483v1.pdf,
../../cs.AI/2022/2208.10327v1/2208.10327v1.pdf,https://github.com/pablovin/ChefsHatGYM
../../cs.AI/2022/2206.07497v1/2206.07497v1.pdf,https://github.com/TeodorChiaburu/beexplainable
../../cs.AI/2022/2206.07762v1/2206.07762v1.pdf,
../../cs.AI/2022/2210.12026v1/2210.12026v1.pdf,
../../cs.AI/2022/2210.08203v1/2210.08203v1.pdf,
../../cs.AI/2022/2203.00815v1/2203.00815v1.pdf,
../../cs.AI/2022/2209.11591v1/2209.11591v1.pdf,
../../cs.AI/2022/2212.12252v1/2212.12252v1.pdf,
../../cs.AI/2022/2212.11517v1/2212.11517v1.pdf,https://github.com/fhtanaka/SGR
../../cs.AI/2022/2205.13646v1/2205.13646v1.pdf,https://github.com/balabit/Mouse-Dynamics-Challenge
../../cs.AI/2022/2211.15782v1/2211.15782v1.pdf,
../../cs.AI/2022/2201.11802v1/2201.11802v1.pdf,
../../cs.AI/2022/2204.01774v1/2204.01774v1.pdf,
../../cs.AI/2022/2202.13196v2/2202.13196v2.pdf,https://github.com/sh0416/clrcmd
../../cs.AI/2022/2205.02328v2/2205.02328v2.pdf,https://github.com/Dtradke/Teams
../../cs.AI/2022/2207.03317v1/2207.03317v1.pdf,
../../cs.AI/2022/2209.14252v1/2209.14252v1.pdf,
../../cs.AI/2022/2202.12466v1/2202.12466v1.pdf,
../../cs.AI/2022/2204.10358v1/2204.10358v1.pdf,
../../cs.AI/2022/2207.10330v1/2207.10330v1.pdf,https://github.com/rte-france/grid2viz
../../cs.AI/2022/2209.02427v1/2209.02427v1.pdf,https://github.com/Aman-4-Real/MMTG
../../cs.AI/2022/2202.03888v1/2202.03888v1.pdf,https://github.com/mohitKULeuven/HassleWithLocalSearch
../../cs.AI/2022/2205.04850v1/2205.04850v1.pdf,https://github.com/aig-upf/pgp-landmarks
../../cs.AI/2022/2211.15408v1/2211.15408v1.pdf,
../../cs.AI/2022/2203.04702v1/2203.04702v1.pdf,
../../cs.AI/2022/2204.14116v1/2204.14116v1.pdf,https://github.com/bprovanbessell/SATfeatPy
../../cs.AI/2022/2206.03965v1/2206.03965v1.pdf,
../../cs.AI/2022/2203.02150v2/2203.02150v2.pdf,https://github.com/soledad921/TEA-GNN
../../cs.AI/2022/2204.12190v1/2204.12190v1.pdf,https://github.com/zyr17/UniLight
../../cs.AI/2022/2203.07507v1/2203.07507v1.pdf,
../../cs.AI/2022/2205.09738v5/2205.09738v5.pdf,
../../cs.AI/2022/2202.04311v2/2202.04311v2.pdf,
../../cs.AI/2022/2210.15096v2/2210.15096v2.pdf,
../../cs.AI/2022/2204.06908v1/2204.06908v1.pdf,https://github.com/vOptSolver/vOptLib
../../cs.AI/2022/2208.08160v3/2208.08160v3.pdf,
../../cs.AI/2022/2202.04376v2/2202.04376v2.pdf,
../../cs.AI/2022/2207.00630v1/2207.00630v1.pdf,
../../cs.AI/2022/2204.02929v1/2204.02929v1.pdf,https://github.com/snlemons/search
../../cs.AI/2022/2203.13050v2/2203.13050v2.pdf,
../../cs.AI/2022/2207.04118v1/2207.04118v1.pdf,
../../cs.AI/2022/2205.04541v1/2205.04541v1.pdf,
../../cs.AI/2022/2206.09638v1/2206.09638v1.pdf,
../../cs.AI/2022/2206.13477v2/2206.13477v2.pdf,
../../cs.AI/2022/2208.00316v1/2208.00316v1.pdf,
../../cs.AI/2022/2206.06629v1/2206.06629v1.pdf,https://github.com/Hangwei12358/cross-person-HAR
../../cs.AI/2022/2208.04148v1/2208.04148v1.pdf,
../../cs.AI/2022/2208.06377v2/2208.06377v2.pdf,https://github.com/AlessandroGianola/SMT-based-Data-Aware-Processes-Verification
../../cs.AI/2022/2202.04236v1/2202.04236v1.pdf,
../../cs.AI/2022/2207.02953v1/2207.02953v1.pdf,
../../cs.AI/2022/2201.11404v2/2201.11404v2.pdf,
../../cs.AI/2022/2202.01030v2/2202.01030v2.pdf,
../../cs.AI/2022/2201.06248v1/2201.06248v1.pdf,
../../cs.AI/2022/2201.08450v1/2201.08450v1.pdf,
../../cs.AI/2022/2212.10723v1/2212.10723v1.pdf,https://github.com/mahdiabolghasemi/IEEE-predict
../../cs.AI/2022/2210.15507v1/2210.15507v1.pdf,
../../cs.AI/2022/2212.10446v1/2212.10446v1.pdf,
../../cs.AI/2022/2212.00258v2/2212.00258v2.pdf,
../../cs.AI/2022/2208.12789v1/2208.12789v1.pdf,
../../cs.AI/2022/2212.08817v1/2212.08817v1.pdf,https://github.com/snudatalab/Acorn
../../cs.AI/2022/2206.14081v2/2206.14081v2.pdf,
../../cs.AI/2022/2210.10374v1/2210.10374v1.pdf,https://github.com/Thinklab-SJTU/UniversePartialMatching
../../cs.AI/2022/2203.00905v2/2203.00905v2.pdf,https://github.com/Oschart/FLoBC
../../cs.AI/2022/2211.16011v1/2211.16011v1.pdf,https://github.com/JHL-HUST/BandHS
../../cs.AI/2022/2208.07777v2/2208.07777v2.pdf,
../../cs.AI/2022/2203.12285v2/2203.12285v2.pdf,
../../cs.AI/2022/2203.03153v4/2203.03153v4.pdf,https://github.com/hongzimao/decima-sim
../../cs.AI/2022/2203.12275v3/2203.12275v3.pdf,
../../cs.AI/2022/2206.11515v3/2206.11515v3.pdf,https://github.com/potassco/plingo
../../cs.AI/2022/2208.09569v1/2208.09569v1.pdf,
../../cs.AI/2022/2212.13631v5/2212.13631v5.pdf,
../../cs.AI/2022/2205.01296v2/2205.01296v2.pdf,
../../cs.AI/2022/2202.03188v1/2202.03188v1.pdf,
../../cs.AI/2022/2203.16280v1/2203.16280v1.pdf,
../../cs.AI/2022/2207.14760v1/2207.14760v1.pdf,
../../cs.AI/2022/2212.02064v1/2212.02064v1.pdf,
../../cs.AI/2022/2209.12619v1/2209.12619v1.pdf,https://github.com/CamDavidsonPilon/lifetimes
../../cs.AI/2022/2211.00486v1/2211.00486v1.pdf,
../../cs.AI/2022/2203.07993v2/2203.07993v2.pdf,https://github.com/BorealisAI/de-simple
../../cs.AI/2022/2202.02698v1/2202.02698v1.pdf,https://github.com/alibaba/tgin
../../cs.AI/2022/2210.14640v1/2210.14640v1.pdf,https://gitlab.com/aureliendelage1/hsviforzsposgs
../../cs.AI/2022/2205.10990v1/2205.10990v1.pdf,
../../cs.AI/2022/2205.06259v1/2205.06259v1.pdf,
../../cs.AI/2022/2201.08112v1/2201.08112v1.pdf,
../../cs.AI/2022/2204.09985v1/2204.09985v1.pdf,
../../cs.AI/2022/2205.00880v1/2205.00880v1.pdf,
../../cs.AI/2022/2204.06179v1/2204.06179v1.pdf,
../../cs.AI/2022/2205.09201v1/2205.09201v1.pdf,
../../cs.AI/2022/2209.12398v1/2209.12398v1.pdf,https://github.com/kenluck2001/anomalyMulti
../../cs.AI/2022/2202.09773v1/2202.09773v1.pdf,
../../cs.AI/2022/2211.03461v1/2211.03461v1.pdf,
../../cs.AI/2022/2210.12114v1/2210.12114v1.pdf,
../../cs.AI/2022/2212.09077v1/2212.09077v1.pdf,https://github.com/potassco/clingo-dl
../../cs.AI/2022/2204.13329v1/2204.13329v1.pdf,https://gitlab.com/medicalvalues-public/mvrdf2vec
../../cs.AI/2022/2205.02923v1/2205.02923v1.pdf,https://github.com/Shereen-Elsayed/ImgRec
../../cs.AI/2022/2203.12955v1/2203.12955v1.pdf,
../../cs.AI/2022/2212.13725v2/2212.13725v2.pdf,
../../cs.AI/2022/2206.06793v2/2206.06793v2.pdf,
../../cs.AI/2022/2204.04071v1/2204.04071v1.pdf,
../../cs.AI/2022/2209.09491v2/2209.09491v2.pdf,https://github.com/aiwc/test_
../../cs.AI/2022/2203.11912v1/2203.11912v1.pdf,https://github.com/leandrocouto/sketch-learning
../../cs.AI/2022/2205.05030v1/2205.05030v1.pdf,https://github.com/eadietz/bst2asp
../../cs.AI/2022/2212.12575v2/2212.12575v2.pdf,
../../cs.AI/2022/2205.03219v1/2205.03219v1.pdf,https://github.com/avani17101/go-nba
../../cs.AI/2022/2203.12200v1/2203.12200v1.pdf,https://github.com/BasemSuleiman/Personalized_Intelligent_Fitness_
../../cs.AI/2022/2210.05050v2/2210.05050v2.pdf,
../../cs.AI/2022/2209.03580v1/2209.03580v1.pdf,
../../cs.AI/2022/2207.00822v1/2207.00822v1.pdf,
../../cs.AI/2022/2204.04242v1/2204.04242v1.pdf,
../../cs.AI/2022/2210.00216v1/2210.00216v1.pdf,
../../cs.AI/2022/2211.06579v2/2211.06579v2.pdf,
../../cs.AI/2022/2202.02519v1/2202.02519v1.pdf,https://github.com/salesforce/ICLRec
../../cs.AI/2022/2204.03596v1/2204.03596v1.pdf,
../../cs.AI/2022/2202.04427v2/2202.04427v2.pdf,https://github.com/sgzZ123/GRE
../../cs.AI/2022/2211.15324v1/2211.15324v1.pdf,https://github.com/CodingPerson/PEARL
../../cs.AI/2022/2206.08687v1/2206.08687v1.pdf,https://github.com/rballester/yodo
../../cs.AI/2022/2208.01093v1/2208.01093v1.pdf,https://github.com/drugs4covid/EBOCA-Resources
../../cs.AI/2022/2201.08950v1/2201.08950v1.pdf,
../../cs.AI/2022/2204.07471v2/2204.07471v2.pdf,
../../cs.AI/2022/2210.08956v1/2210.08956v1.pdf,
../../cs.AI/2022/2210.08263v1/2210.08263v1.pdf,
../../cs.AI/2022/2202.13750v1/2202.13750v1.pdf,https://github.com/HibaArnaout/usefulnegations
../../cs.AI/2022/2204.02360v1/2204.02360v1.pdf,https://github.com/joyjitchatterjee/ScientometricReview-AI
../../cs.AI/2022/2208.08157v1/2208.08157v1.pdf,
../../cs.AI/2022/2211.15349v1/2211.15349v1.pdf,https://github.com/xbrlej/FiPOMDP
../../cs.AI/2022/2202.01356v2/2202.01356v2.pdf,https://github.com/DirectMolecularConfGen/DMCG
../../cs.AI/2022/2212.08183v2/2212.08183v2.pdf,
../../cs.AI/2022/2209.09066v1/2209.09066v1.pdf,https://github.com/alpha-asp/Alpha
../../cs.AI/2022/2202.13041v1/2202.13041v1.pdf,
../../cs.AI/2022/2209.05090v1/2209.05090v1.pdf,https://github.com/leoprover/logic-embedding
../../cs.AI/2022/2202.04611v1/2202.04611v1.pdf,https://github.com/ospur/htn-tm
../../cs.AI/2022/2201.03472v1/2201.03472v1.pdf,
../../cs.AI/2022/2208.07753v2/2208.07753v2.pdf,
../../cs.AI/2022/2204.05545v1/2204.05545v1.pdf,
../../cs.AI/2022/2205.02562v1/2205.02562v1.pdf,
../../cs.AI/2022/2204.04938v1/2204.04938v1.pdf,
../../cs.AI/2022/2210.08445v1/2210.08445v1.pdf,
../../cs.AI/2022/2205.11558v3/2205.11558v3.pdf,
../../cs.AI/2022/2210.15637v1/2210.15637v1.pdf,
../../cs.AI/2022/2203.03183v2/2203.03183v2.pdf,
../../cs.AI/2022/2204.04686v1/2204.04686v1.pdf,https://github.com/Tiiiger/bert_score
../../cs.AI/2022/2205.12159v1/2205.12159v1.pdf,
../../cs.AI/2022/2206.11539v2/2206.11539v2.pdf,https://github.com/itayhubara/BinaryNet.pytorch
../../cs.AI/2022/2208.08611v1/2208.08611v1.pdf,
../../cs.AI/2022/2212.09033v1/2212.09033v1.pdf,https://github.com/Ericonaldo/ILSwiss
../../cs.AI/2022/2206.07862v1/2206.07862v1.pdf,
../../cs.AI/2022/2204.08687v2/2204.08687v2.pdf,https://github.com/huggingface/transformers
../../cs.AI/2022/2205.11898v1/2205.11898v1.pdf,
../../cs.AI/2022/2205.05228v1/2205.05228v1.pdf,https://github.com/sk5050/HCSSP
../../cs.AI/2022/2204.05512v2/2204.05512v2.pdf,
../../cs.AI/2022/2209.03990v1/2209.03990v1.pdf,
../../cs.AI/2022/2210.12080v1/2210.12080v1.pdf,https://github.com/gyunamister/ProPPa
../../cs.AI/2022/2206.03356v3/2206.03356v3.pdf,
../../cs.AI/2022/2212.02951v2/2212.02951v2.pdf,https://github.com/SUSTechGameAI/MFEDRL
../../cs.AI/2022/2207.03330v1/2207.03330v1.pdf,
../../cs.AI/2022/2210.09880v2/2210.09880v2.pdf,https://github.com/khalil-research/ARGA-AAAI23
../../cs.AI/2022/2205.03824v1/2205.03824v1.pdf,
../../cs.AI/2022/2202.03153v1/2202.03153v1.pdf,
../../cs.AI/2022/2204.02011v4/2204.02011v4.pdf,https://github.com/YChen1993/ELECRec
../../cs.AI/2022/2211.02849v2/2211.02849v2.pdf,
../../cs.AI/2022/2212.12154v1/2212.12154v1.pdf,https://github.com/sisl/CPOMDPExperiments
../../cs.AI/2022/2202.11958v1/2202.11958v1.pdf,
../../cs.AI/2022/2206.06530v1/2206.06530v1.pdf,https://github.com/aig-upf/tarski
../../cs.AI/2022/2212.13537v1/2212.13537v1.pdf,
../../cs.AI/2022/2206.07772v1/2206.07772v1.pdf,
../../cs.AI/2022/2212.01022v1/2212.01022v1.pdf,https://github.com/iitkcpslab/rlstl
../../cs.AI/2022/2203.08146v1/2203.08146v1.pdf,https://github.com/tengz-sudo/BEDS
../../cs.AI/2022/2207.03066v1/2207.03066v1.pdf,
../../cs.AI/2022/2211.06561v1/2211.06561v1.pdf,
../../cs.AI/2022/2207.12054v1/2207.12054v1.pdf,
../../cs.AI/2022/2206.04909v1/2206.04909v1.pdf,
../../cs.AI/2022/2201.04204v3/2201.04204v3.pdf,
../../cs.AI/2022/2202.05957v1/2202.05957v1.pdf,
../../cs.AI/2022/2203.10944v1/2203.10944v1.pdf,
../../cs.AI/2022/2208.11024v1/2208.11024v1.pdf,https://github.com/neulab/KGxBoard
../../cs.AI/2022/2212.11901v1/2212.11901v1.pdf,
../../cs.AI/2022/2205.11590v1/2205.11590v1.pdf,
../../cs.AI/2022/2201.03647v1/2201.03647v1.pdf,
../../cs.AI/2022/2211.15384v1/2211.15384v1.pdf,
../../cs.AI/2022/2211.10298v4/2211.10298v4.pdf,
../../cs.AI/2022/2207.07740v1/2207.07740v1.pdf,
../../cs.AI/2022/2211.14541v1/2211.14541v1.pdf,
../../cs.AI/2022/2202.07596v1/2202.07596v1.pdf,
../../cs.AI/2022/2205.08719v1/2205.08719v1.pdf,
../../cs.AI/2022/2202.12039v1/2202.12039v1.pdf,
../../cs.AI/2022/2207.10991v1/2207.10991v1.pdf,
../../cs.AI/2022/2203.16289v2/2203.16289v2.pdf,
../../cs.AI/2022/2210.04537v1/2210.04537v1.pdf,
../../cs.AI/2022/2202.04411v1/2202.04411v1.pdf,
../../cs.AI/2022/2208.09973v1/2208.09973v1.pdf,
../../cs.AI/2022/2205.09705v1/2205.09705v1.pdf,
../../cs.AI/2022/2210.11174v2/2210.11174v2.pdf,
../../cs.AI/2022/2206.08611v1/2206.08611v1.pdf,https://github.com/lwgkzl/MedDG
../../cs.AI/2022/2211.17262v2/2211.17262v2.pdf,
../../cs.AI/2022/2203.10145v1/2203.10145v1.pdf,
../../cs.AI/2022/2203.13965v2/2203.13965v2.pdf,https://github.com/Otamio/KGA
../../cs.AI/2022/2209.00210v1/2209.00210v1.pdf,
../../cs.AI/2022/2207.03051v2/2207.03051v2.pdf,https://github.com/ChuXiaokai/baidu_ultr_dataset
../../cs.AI/2022/2209.12093v1/2209.12093v1.pdf,https://github.com/kevinzakka/x-magical
../../cs.AI/2022/2201.08017v1/2201.08017v1.pdf,https://github.com/morningstarwang/MetaTTE
../../cs.AI/2022/2212.09399v1/2212.09399v1.pdf,
../../cs.AI/2022/2202.12260v1/2202.12260v1.pdf,
../../cs.AI/2022/2201.07642v1/2201.07642v1.pdf,
../../cs.AI/2022/2207.14772v1/2207.14772v1.pdf,https://github.com/amidos2006/Mario-AI-Framework
../../cs.AI/2022/2205.05268v1/2205.05268v1.pdf,
../../cs.AI/2022/2202.13406v1/2202.13406v1.pdf,
../../cs.AI/2022/2205.00299v1/2205.00299v1.pdf,
../../cs.AI/2022/2207.00143v2/2207.00143v2.pdf,
../../cs.AI/2022/2211.09752v2/2211.09752v2.pdf,https://github.com/PreferredAI/cornac
../../cs.AI/2022/2207.10170v3/2207.10170v3.pdf,https://github.com/huanzhang12/ATLA_robust_RL
../../cs.AI/2022/2206.07461v2/2206.07461v2.pdf,
../../cs.AI/2022/2205.14032v1/2205.14032v1.pdf,https://github.com/cmungall/owlstar
../../cs.AI/2022/2211.03521v2/2211.03521v2.pdf,
../../cs.AI/2022/2212.00800v2/2212.00800v2.pdf,
../../cs.AI/2022/2205.08683v1/2205.08683v1.pdf,https://github.com/bwapi/bwapi
../../cs.AI/2022/2205.12735v7/2205.12735v7.pdf,https://github.com/DanCunnington/NSIL
../../cs.AI/2022/2211.16242v2/2211.16242v2.pdf,
../../cs.AI/2022/2208.02443v1/2208.02443v1.pdf,
../../cs.AI/2022/2208.13515v1/2208.13515v1.pdf,https://github.com/ckohlschm/detecting-surprising-instances
../../cs.AI/2022/2202.09606v1/2202.09606v1.pdf,
../../cs.AI/2022/2204.00755v2/2204.00755v2.pdf,
../../cs.AI/2022/2209.13763v2/2209.13763v2.pdf,
../../cs.AI/2022/2205.15414v1/2205.15414v1.pdf,https://github.com/ndangtt/portfolio-based-analysis
../../cs.AI/2022/2204.03752v1/2204.03752v1.pdf,
../../cs.AI/2022/2206.13959v1/2206.13959v1.pdf,
../../cs.AI/2022/2210.15767v1/2210.15767v1.pdf,https://github.com/NVlabs/stylegan2
../../cs.AI/2022/2207.12174v1/2207.12174v1.pdf,https://github.com/amrisi/amr-guidelines
../../cs.AI/2022/2209.05226v1/2209.05226v1.pdf,
../../cs.AI/2022/2210.01344v1/2210.01344v1.pdf,
../../cs.AI/2022/2205.04827v2/2205.04827v2.pdf,
../../cs.AI/2022/2202.09836v1/2202.09836v1.pdf,https://github.com/TPTPWorld/NonClassicalLogic
../../cs.AI/2022/2203.09952v3/2203.09952v3.pdf,
../../cs.AI/2022/2210.11194v1/2210.11194v1.pdf,
../../cs.AI/2022/2212.00994v3/2212.00994v3.pdf,
../../cs.AI/2022/2211.04009v1/2211.04009v1.pdf,
../../cs.AI/2022/2207.02258v1/2207.02258v1.pdf,
../../cs.AI/2022/2209.13883v3/2209.13883v3.pdf,https://github.com/yuanmu97/MLink
../../cs.AI/2022/2205.11291v2/2205.11291v2.pdf,
../../cs.AI/2022/2202.00531v2/2202.00531v2.pdf,
../../cs.AI/2022/2212.11892v1/2212.11892v1.pdf,
../../cs.AI/2022/2211.09622v1/2211.09622v1.pdf,
../../cs.AI/2022/2201.00180v1/2201.00180v1.pdf,
../../cs.AI/2022/2206.14506v2/2206.14506v2.pdf,
../../cs.AI/2022/2212.12560v1/2212.12560v1.pdf,
../../cs.AI/2022/2211.12560v1/2211.12560v1.pdf,
../../cs.AI/2022/2211.06154v1/2211.06154v1.pdf,
../../cs.AI/2022/2211.05180v2/2211.05180v2.pdf,https://github.com/sanda-avram/ROST-source-code
../../cs.AI/2022/2212.08681v1/2212.08681v1.pdf,
../../cs.AI/2022/2204.10662v2/2204.10662v2.pdf,https://github.com/gyunamister/OPerA
../../cs.AI/2022/2211.02992v1/2211.02992v1.pdf,
../../cs.AI/2022/2209.11764v3/2209.11764v3.pdf,
../../cs.AI/2022/2210.02807v1/2210.02807v1.pdf,
../../cs.AI/2022/2205.10513v7/2205.10513v7.pdf,
../../cs.AI/2022/2206.04724v2/2206.04724v2.pdf,https://github.com/spechub/Hets
../../cs.AI/2022/2203.04363v1/2203.04363v1.pdf,
../../cs.AI/2022/2205.11158v2/2205.11158v2.pdf,
../../cs.AI/2022/2206.03124v1/2206.03124v1.pdf,
../../cs.AI/2022/2210.16502v1/2210.16502v1.pdf,
../../cs.AI/2022/2201.06202v1/2201.06202v1.pdf,
../../cs.AI/2022/2207.05271v1/2207.05271v1.pdf,https://github.com/PneuC/OPARL
../../cs.AI/2022/2203.02696v1/2203.02696v1.pdf,github.com/lirmm/AHPRank
../../cs.AI/2022/2201.07040v2/2201.07040v2.pdf,https://github.com/OpenBioLink/ITO
../../cs.AI/2022/2201.07839v1/2201.07839v1.pdf,https://github.com/kavitawagh/RLProject
../../cs.AI/2022/2209.04189v1/2209.04189v1.pdf,
../../cs.AI/2022/2206.02144v2/2206.02144v2.pdf,
../../cs.AI/2022/2205.10207v1/2205.10207v1.pdf,
../../cs.AI/2022/2205.10893v1/2205.10893v1.pdf,
../../cs.AI/2022/2204.07123v1/2204.07123v1.pdf,
../../cs.AI/2022/2209.15067v1/2209.15067v1.pdf,
../../cs.AI/2022/2212.04419v2/2212.04419v2.pdf,https://github.com/conormuldoon/unison
../../cs.AI/2022/2209.04265v3/2209.04265v3.pdf,https://github.com/Yubin-Liu/Hybrid-Q-Learning-Network-Approach-for-MPLP
../../cs.AI/2022/2208.12047v1/2208.12047v1.pdf,
../../cs.AI/2022/2204.06076v2/2204.06076v2.pdf,https://github.com/boost-R/mboost
../../cs.AI/2022/2212.06330v1/2212.06330v1.pdf,
../../cs.AI/2022/2210.11151v1/2210.11151v1.pdf,https://github.com/zhiweihu1103/ET-TET
../../cs.AI/2022/2202.05511v1/2202.05511v1.pdf,
../../cs.AI/2022/2203.14852v1/2203.14852v1.pdf,
../../cs.AI/2022/2206.02216v1/2206.02216v1.pdf,
../../cs.AI/2022/2207.02917v1/2207.02917v1.pdf,http://github.com/lmcinnes/umap
../../cs.AI/2022/2212.09447v1/2212.09447v1.pdf,https://github.com/gugarosa/mh
../../cs.AI/2022/2210.03918v2/2210.03918v2.pdf,https://github.com/jetou/FEPSS
../../cs.AI/2022/2202.00674v2/2202.00674v2.pdf,
../../cs.AI/2022/2209.01619v1/2209.01619v1.pdf,
../../cs.AI/2022/2205.06454v1/2205.06454v1.pdf,https://github.com/sluxsr/r5
../../cs.AI/2022/2212.04891v1/2212.04891v1.pdf,
../../cs.AI/2022/2211.03890v1/2211.03890v1.pdf,
../../cs.AI/2022/2209.13873v3/2209.13873v3.pdf,https://github.com/yuanmu97/infi
../../cs.AI/2022/2201.05528v1/2201.05528v1.pdf,
../../cs.AI/2022/2207.04502v1/2207.04502v1.pdf,
../../cs.AI/2022/2207.01434v1/2207.01434v1.pdf,
../../cs.AI/2022/2202.09464v3/2202.09464v3.pdf,
../../cs.AI/2022/2201.10436v2/2201.10436v2.pdf,
../../cs.AI/2022/2212.09377v1/2212.09377v1.pdf,https://github.com/facebook/duckling
../../cs.AI/2022/2206.12700v2/2206.12700v2.pdf,
../../cs.AI/2022/2211.04976v1/2211.04976v1.pdf,
../../cs.AI/2022/2203.15099v3/2203.15099v3.pdf,https://github.com/google-research/google-research
../../cs.AI/2022/2202.04787v1/2202.04787v1.pdf,
../../cs.AI/2022/2207.08599v1/2207.08599v1.pdf,https://github.com/credl/abcbenchmarking
../../cs.AI/2022/2209.02562v1/2209.02562v1.pdf,https://github.com/inpefess/basic-rl-prover
../../cs.AI/2022/2202.08992v3/2202.08992v3.pdf,https://github.com/wonderren/public
../../cs.AI/2022/2204.10669v1/2204.10669v1.pdf,
../../cs.AI/2022/2210.08906v2/2210.08906v2.pdf,https://github.com/AndreaTocchetti/ACMReviewPaperPolimiDelft
../../cs.AI/2022/2212.00331v2/2212.00331v2.pdf,
../../cs.AI/2022/2212.00061v1/2212.00061v1.pdf,
../../cs.AI/2022/2201.04349v1/2201.04349v1.pdf,
../../cs.AI/2022/2201.10334v3/2201.10334v3.pdf,https://github.com/Michael-Beukman/PCGNN
../../cs.AI/2022/2209.06569v1/2209.06569v1.pdf,
../../cs.AI/2022/2201.11239v5/2201.11239v5.pdf,
../../cs.AI/2022/2202.13985v2/2202.13985v2.pdf,
../../cs.AI/2022/2210.11846v1/2210.11846v1.pdf,
../../cs.AI/2022/2201.08883v1/2201.08883v1.pdf,
../../cs.AI/2022/2212.12757v1/2212.12757v1.pdf,
../../cs.AI/2022/2212.02893v1/2212.02893v1.pdf,
../../cs.AI/2022/2204.05168v1/2204.05168v1.pdf,
../../cs.AI/2022/2208.04273v2/2208.04273v2.pdf,https://github.com/bjsmith/multi-objective-value-aggregation
../../cs.AI/2022/2201.05544v2/2201.05544v2.pdf,https://github.com/JHL-HUST/BandMaxSAT
../../cs.AI/2022/2202.01108v2/2202.01108v2.pdf,
../../cs.AI/2022/2202.07412v1/2202.07412v1.pdf,
../../cs.AI/2022/2211.10011v2/2211.10011v2.pdf,
../../cs.AI/2022/2201.12885v1/2201.12885v1.pdf,https://github.com/COLAB2/midca
../../cs.AI/2022/2205.06544v4/2205.06544v4.pdf,
../../cs.AI/2022/2212.02098v2/2212.02098v2.pdf,https://github.com/tae898/explicit-memory
../../cs.AI/2022/2205.13745v2/2205.13745v2.pdf,
../../cs.AI/2022/2201.06779v1/2201.06779v1.pdf,https://github.com/finnickniu/LDAM
../../cs.AI/2022/2206.00595v2/2206.00595v2.pdf,
../../cs.AI/2022/2205.15714v1/2205.15714v1.pdf,
../../cs.AI/2022/2209.07096v1/2209.07096v1.pdf,
../../cs.AI/2022/2212.10915v1/2212.10915v1.pdf,https://github.com/Zaiwen/ModelCorrection
../../cs.AI/2022/2201.06863v1/2201.06863v1.pdf,
../../cs.AI/2022/2205.15126v1/2205.15126v1.pdf,https://github.com/egg-west/Stratega
../../cs.AI/2022/2205.11215v1/2205.11215v1.pdf,https://github.com/MetricsDI/DIMetrics
../../cs.AI/2022/2207.06014v1/2207.06014v1.pdf,https://github.com/janothan/DL-TC-Generator
../../cs.AI/2022/2207.03669v2/2207.03669v2.pdf,
../../cs.AI/2022/2207.11324v2/2207.11324v2.pdf,https://github.com/EngyNasr/MSE-Benchmark
../../cs.AI/2022/2207.01412v1/2207.01412v1.pdf,
../../cs.AI/2022/2212.08966v3/2212.08966v3.pdf,
../../cs.AI/2022/2202.00332v1/2202.00332v1.pdf,
../../cs.AI/2022/2205.08018v1/2205.08018v1.pdf,https://github.com/mitmedialab/viznet
../../cs.AI/2022/2206.11025v1/2206.11025v1.pdf,
../../cs.AI/2022/2201.10315v1/2201.10315v1.pdf,
../../cs.AI/2022/2205.05793v1/2205.05793v1.pdf,https://github.com/IDSIA/crepo
../../cs.AI/2022/2209.10319v1/2209.10319v1.pdf,
../../cs.AI/2022/2207.00902v1/2207.00902v1.pdf,
../../cs.AI/2022/2211.14409v2/2211.14409v2.pdf,https://github.com/domain-independent-dp/didp-rs
../../cs.AI/2022/2209.11746v2/2209.11746v2.pdf,https://github.com/selBaez/evaluating-conversations-as-ekg
../../cs.AI/2022/2201.10556v1/2201.10556v1.pdf,
../../cs.AI/2022/2207.06105v2/2207.06105v2.pdf,https://github.com/GriddlyAI/escape-rooms
../../cs.AI/2022/2207.08365v1/2207.08365v1.pdf,https://github.com/nand1155/CausNet
../../cs.AI/2022/2206.07080v1/2206.07080v1.pdf,
../../cs.AI/2022/2202.03047v1/2202.03047v1.pdf,https://github.com/Kayal-Sampath/detecting-signs-of-depression-from-social-media-postings
../../cs.AI/2022/2205.03468v1/2205.03468v1.pdf,
../../cs.AI/2022/2205.13954v2/2205.13954v2.pdf,https://github.com/RobinLu1209/Geometer
../../cs.AI/2022/2202.05938v2/2202.05938v2.pdf,
../../cs.AI/2022/2212.08704v1/2212.08704v1.pdf,
../../cs.AI/2022/2202.04954v2/2202.04954v2.pdf,
../../cs.AI/2022/2210.01766v1/2210.01766v1.pdf,
../../cs.AI/2022/2206.06202v2/2206.06202v2.pdf,https://github.com/KULeuvenADVISE/CGGD
../../cs.AI/2022/2202.03196v1/2202.03196v1.pdf,
../../cs.AI/2022/2209.06317v2/2209.06317v2.pdf,
../../cs.AI/2022/2203.04699v1/2203.04699v1.pdf,https://github.com/openjournals/joss-reviews
../../cs.AI/2022/2210.01634v1/2210.01634v1.pdf,
../../cs.AI/2022/2212.04401v1/2212.04401v1.pdf,
../../cs.AI/2022/2202.13250v1/2202.13250v1.pdf,https://github.com/stacs-cp/tabulation-exp
../../cs.AI/2022/2207.01239v1/2207.01239v1.pdf,
../../cs.AI/2022/2211.14492v2/2211.14492v2.pdf,
../../cs.AI/2022/2206.14480v1/2206.14480v1.pdf,
../../cs.AI/2022/2211.15552v1/2211.15552v1.pdf,
../../cs.AI/2022/2205.12179v1/2205.12179v1.pdf,
../../cs.AI/2022/2208.12210v7/2208.12210v7.pdf,https://github.com/edgeslab/sRCD
../../cs.AI/2022/2206.05273v3/2206.05273v3.pdf,
../../cs.AI/2022/2205.14094v2/2205.14094v2.pdf,https://github.com/melanibe/failure_detection_benchmark
../../cs.AI/2022/2204.03536v2/2204.03536v2.pdf,
../../cs.AI/2022/2203.07302v3/2203.07302v3.pdf,https://github.com/ValerioB88/gestalt-DNNs
../../cs.AI/2022/2212.00342v1/2212.00342v1.pdf,
../../cs.AI/2022/2206.07870v3/2206.07870v3.pdf,https://github.com/tsumers/how-to-talk
../../cs.AI/2022/2202.09163v2/2202.09163v2.pdf,
../../cs.AI/2022/2207.01250v1/2207.01250v1.pdf,
../../cs.AI/2022/2208.13390v4/2208.13390v4.pdf,
../../cs.AI/2022/2202.10381v1/2202.10381v1.pdf,
../../cs.AI/2022/2211.06402v2/2211.06402v2.pdf,https://github.com/isee4xai/iSeeOnto
../../cs.AI/2022/2206.13856v1/2206.13856v1.pdf,https://github.com/unitn-sml/wmi-pa
../../cs.AI/2022/2211.08467v1/2211.08467v1.pdf,https://github.com/maximecb/gym-miniworld
../../cs.AI/2022/2209.07368v1/2209.07368v1.pdf,
../../cs.AI/2022/2209.00686v2/2209.00686v2.pdf,
../../cs.AI/2022/2210.08998v2/2210.08998v2.pdf,
../../cs.AI/2022/2209.04759v1/2209.04759v1.pdf,
../../cs.AI/2022/2203.13236v2/2203.13236v2.pdf,https://github.com/AAIR-lab/DAAISy
../../cs.AI/2022/2212.08626v1/2212.08626v1.pdf,
../../cs.AI/2022/2211.16118v2/2211.16118v2.pdf,https://github.com/jhudsy/Gradual_Attack_Inference
../../cs.AI/2022/2210.05014v3/2210.05014v3.pdf,
../../cs.AI/2022/2207.01251v1/2207.01251v1.pdf,
../../cs.AI/2022/2211.15271v2/2211.15271v2.pdf,
../../cs.AI/2022/2211.05457v2/2211.05457v2.pdf,
../../cs.AI/2022/2203.15398v2/2203.15398v2.pdf,
../../cs.AI/2022/2207.12763v1/2207.12763v1.pdf,
../../cs.AI/2022/2202.01123v3/2202.01123v3.pdf,
../../cs.AI/2022/2208.08620v1/2208.08620v1.pdf,
../../cs.AI/2022/2210.03994v2/2210.03994v2.pdf,https://github.com/zjukg/RMPI
../../cs.AI/2022/2206.01954v1/2206.01954v1.pdf,
../../cs.AI/2022/2209.06120v1/2209.06120v1.pdf,https://github.com/HazyResearch/legalbench
../../cs.AI/2022/2208.07622v2/2208.07622v2.pdf,https://github.com/TamSiuhin/KRACL
../../cs.AI/2022/2202.02886v3/2202.02886v3.pdf,https://github.com/GuanSuns/ASGRL
../../cs.AI/2022/2209.08271v1/2209.08271v1.pdf,https://github.com/DeepGraphLearning/KnowledgeGraph-2014
../../cs.AI/2022/2208.14820v1/2208.14820v1.pdf,
../../cs.AI/2022/2201.12845v3/2201.12845v3.pdf,
../../cs.AI/2022/2205.14229v3/2205.14229v3.pdf,
../../cs.AI/2022/2201.06783v1/2201.06783v1.pdf,https://github.com/guoyinwang/LEAM
../../cs.AI/2022/2209.07175v2/2209.07175v2.pdf,
../../cs.AI/2022/2204.13570v1/2204.13570v1.pdf,
../../cs.AI/2022/2212.10435v1/2212.10435v1.pdf,
../../cs.AI/2022/2206.03487v3/2206.03487v3.pdf,
../../cs.AI/2022/2209.03499v2/2209.03499v2.pdf,
../../cs.AI/2022/2205.10607v2/2205.10607v2.pdf,
../../cs.AI/2022/2212.07523v1/2212.07523v1.pdf,
../../cs.AI/2022/2204.05576v1/2204.05576v1.pdf,
../../cs.AI/2022/2209.05470v1/2209.05470v1.pdf,
../../cs.AI/2022/2208.08218v1/2208.08218v1.pdf,https://github.com/deepkashiwa20/ODCRN
../../cs.AI/2022/2204.02737v1/2204.02737v1.pdf,
../../cs.AI/2022/2211.00901v1/2211.00901v1.pdf,
../../cs.AI/2022/2204.06117v1/2204.06117v1.pdf,
../../cs.AI/2022/2212.11868v2/2212.11868v2.pdf,https://github.com/zxd-octopus/VRICR
../../cs.AI/2022/2201.06254v1/2201.06254v1.pdf,
../../cs.AI/2022/2211.03612v1/2211.03612v1.pdf,
../../cs.AI/2022/2209.05170v1/2209.05170v1.pdf,https://github.com/yohayt/RAR_EUMAS2022
../../cs.AI/2022/2205.09362v2/2205.09362v2.pdf,
../../cs.AI/2022/2210.10903v1/2210.10903v1.pdf,
../../cs.AI/2022/2209.15274v1/2209.15274v1.pdf,
../../cs.AI/2022/2206.01044v1/2206.01044v1.pdf,
../../cs.AI/2022/2211.14422v1/2211.14422v1.pdf,
../../cs.AI/2022/2204.09960v3/2204.09960v3.pdf,https://github.com/whitemech/planning-for-past-temporal-goals
../../cs.AI/2022/2209.04309v2/2209.04309v2.pdf,https://github.com/jia-wei-zheng/alignment-over-probabilistic-events
../../cs.AI/2022/2201.06692v2/2201.06692v2.pdf,
../../cs.AI/2022/2204.12704v1/2204.12704v1.pdf,
../../cs.AI/2022/2202.14018v1/2202.14018v1.pdf,https://github.com/bio-ontology-research-group/EL2Box
../../cs.AI/2022/2201.11117v1/2201.11117v1.pdf,
../../cs.AI/2022/2207.09897v1/2207.09897v1.pdf,https://github.com/BerenMillidge/Active
../../cs.AI/2022/2211.03219v1/2211.03219v1.pdf,
../../cs.AI/2022/2207.03086v1/2207.03086v1.pdf,
../../cs.AI/2022/2205.14327v2/2205.14327v2.pdf,https://github.com/navdeepkumar12/rmdp
../../cs.AI/2022/2202.13252v3/2202.13252v3.pdf,
../../cs.AI/2022/2203.08895v1/2203.08895v1.pdf,
../../cs.AI/2022/2208.03685v1/2208.03685v1.pdf,https://github.com/yunshengtian/DGEMO
../../cs.AI/2022/2204.06438v2/2204.06438v2.pdf,
../../cs.AI/2022/2210.12324v1/2210.12324v1.pdf,
../../cs.AI/2022/2209.01728v1/2209.01728v1.pdf,
../../cs.AI/2022/2212.07996v1/2212.07996v1.pdf,
../../cs.AI/2022/2203.00183v2/2203.00183v2.pdf,https://github.com/pipihaiziguai/T3OMVP
../../cs.AI/2022/2202.01256v1/2202.01256v1.pdf,https://github.com/huawei-noah/xingtian
../../cs.AI/2022/2208.13841v1/2208.13841v1.pdf,
../../cs.AI/2022/2212.00951v1/2212.00951v1.pdf,https://gitlab.com/sm-ai-team/simplemind
../../cs.AI/2022/2207.01543v1/2207.01543v1.pdf,
../../cs.AI/2022/2203.14079v1/2203.14079v1.pdf,https://github.com/reissnda/AutomataConformance
../../cs.AI/2022/2202.00294v1/2202.00294v1.pdf,https://github.com/jhudsy/numerical
../../cs.AI/2022/2203.07782v2/2203.07782v2.pdf,https://github.com/Lee-zix/CEN
../../cs.AI/2022/2209.05838v1/2209.05838v1.pdf,https://github.com/satviz/satviz
../../cs.AI/2022/2205.07635v1/2205.07635v1.pdf,
../../cs.AI/2022/2210.05327v2/2210.05327v2.pdf,
../../cs.AI/2022/2206.10454v1/2206.10454v1.pdf,
../../cs.AI/2022/2203.15274v1/2203.15274v1.pdf,https://github.com/zecevic-matej/Finding-Structure-and-Causality-in-Linear-Programs
../../cs.AI/2022/2210.12896v2/2210.12896v2.pdf,https://github.com/MR-BENjie/IDRL
../../cs.AI/2022/2208.12551v1/2208.12551v1.pdf,
../../cs.AI/2022/2210.00283v1/2210.00283v1.pdf,
../../cs.AI/2022/2209.09535v1/2209.09535v1.pdf,
../../cs.AI/2022/2208.00894v1/2208.00894v1.pdf,https://github.com/FMZennaro/CategoricalCausalAbstraction
../../cs.AI/2022/2212.02823v2/2212.02823v2.pdf,
../../cs.AI/2022/2201.13176v2/2201.13176v2.pdf,https://github.com/leela-zero/leela-zero
../../cs.AI/2022/2203.01895v1/2203.01895v1.pdf,
../../cs.AI/2022/2212.11854v3/2212.11854v3.pdf,
../../cs.AI/2022/2202.02879v1/2202.02879v1.pdf,
../../cs.AI/2022/2205.01979v2/2205.01979v2.pdf,
../../cs.AI/2022/2209.13129v4/2209.13129v4.pdf,
../../cs.AI/2022/2207.03305v1/2207.03305v1.pdf,
../../cs.AI/2022/2212.03467v2/2212.03467v2.pdf,
../../cs.AI/2022/2212.09918v1/2212.09918v1.pdf,
../../cs.AI/2022/2205.10575v1/2205.10575v1.pdf,
../../cs.AI/2022/2201.03824v1/2201.03824v1.pdf,
../../cs.AI/2022/2209.09608v1/2209.09608v1.pdf,
../../cs.AI/2022/2206.09360v1/2206.09360v1.pdf,
../../cs.AI/2022/2208.14037v3/2208.14037v3.pdf,
../../cs.AI/2022/2212.11717v1/2212.11717v1.pdf,
../../cs.AI/2022/2203.00964v1/2203.00964v1.pdf,https://github.com/google-research/bert
../../cs.AI/2022/2205.00215v1/2205.00215v1.pdf,
../../cs.AI/2022/2212.12139v3/2212.12139v3.pdf,https://github.com/pokerme7777/HiTSKT
../../cs.AI/2022/2203.12111v1/2203.12111v1.pdf,
../../cs.AI/2022/2202.10774v1/2202.10774v1.pdf,
../../cs.AI/2022/2202.01291v1/2202.01291v1.pdf,
../../cs.AI/2022/2206.05532v1/2206.05532v1.pdf,https://github.com/janikbenzin/contect
../../cs.AI/2022/2208.11652v1/2208.11652v1.pdf,
../../cs.AI/2022/2209.01410v1/2209.01410v1.pdf,
../../cs.AI/2022/2212.03387v1/2212.03387v1.pdf,
../../cs.AI/2022/2208.08320v2/2208.08320v2.pdf,https://github.com/Bjarten/early-stopping-pytorch
../../cs.AI/2022/2208.11349v1/2208.11349v1.pdf,
../../cs.AI/2022/2211.14987v1/2211.14987v1.pdf,https://github.com/bdy9527/SDCN
../../cs.AI/2022/2205.13763v1/2205.13763v1.pdf,
../../cs.AI/2022/2212.13819v1/2212.13819v1.pdf,
../../cs.AI/2022/2209.13710v1/2209.13710v1.pdf,
../../cs.AI/2022/2203.13351v2/2203.13351v2.pdf,
../../cs.AI/2022/2210.03455v1/2210.03455v1.pdf,
../../cs.AI/2022/2204.00288v1/2204.00288v1.pdf,https://github.com/speckdavid/symk
../../cs.AI/2022/2207.07339v2/2207.07339v2.pdf,
../../cs.AI/2022/2212.00373v3/2212.00373v3.pdf,
../../cs.AI/2022/2212.04589v1/2212.04589v1.pdf,https://github.com/EduardoGarrido90/iit
../../cs.AI/2022/2212.11738v1/2212.11738v1.pdf,
../../cs.AI/2022/2209.02414v3/2209.02414v3.pdf,
../../cs.AI/2022/2212.12470v1/2212.12470v1.pdf,https://github.com/anlopez94/opf_gnn_ppo
../../cs.AI/2022/2203.12499v1/2203.12499v1.pdf,
../../cs.AI/2022/2207.12052v1/2207.12052v1.pdf,
../../cs.AI/2022/2211.11281v1/2211.11281v1.pdf,
../../cs.AI/2022/2202.13101v1/2202.13101v1.pdf,
../../cs.AI/2022/2206.11900v1/2206.11900v1.pdf,https://github.com/itayhubara/BinaryNet.pytorch
../../cs.AI/2022/2210.00315v1/2210.00315v1.pdf,
../../cs.AI/2022/2202.02125v1/2202.02125v1.pdf,https://github.com/kracr/ontoseer
../../cs.AI/2022/2211.03831v3/2211.03831v3.pdf,https://github.com/microsoft/mttl
../../cs.AI/2022/2209.02902v1/2209.02902v1.pdf,
../../cs.AI/2022/2202.07760v1/2202.07760v1.pdf,
../../cs.AI/2022/2204.00302v2/2204.00302v2.pdf,
../../cs.AI/2022/2203.01654v1/2203.01654v1.pdf,
../../cs.AI/2022/2204.05217v1/2204.05217v1.pdf,
../../cs.AI/2022/2201.11331v3/2201.11331v3.pdf,
../../cs.AI/2022/2211.08671v1/2211.08671v1.pdf,
../../cs.AI/2022/2207.02100v1/2207.02100v1.pdf,https://github.com/SUSTechGameAI/EngagementMetrics
../../cs.AI/2022/2202.07096v1/2202.07096v1.pdf,
../../cs.AI/2022/2208.08058v2/2208.08058v2.pdf,https://github.com/alanxuji/DeLaLA
../../cs.AI/2022/2203.14018v1/2203.14018v1.pdf,
../../cs.AI/2022/2203.16171v1/2203.16171v1.pdf,
../../cs.AI/2022/2202.13746v1/2202.13746v1.pdf,
../../cs.AI/2022/2203.03315v1/2203.03315v1.pdf,https://github.com/guolingbing/RLEA
../../cs.AI/2022/2206.14153v1/2206.14153v1.pdf,
../../cs.AI/2022/2210.06877v1/2210.06877v1.pdf,
../../cs.AI/2022/2201.04841v1/2201.04841v1.pdf,https://gitlab.com/dikonov/Universal-Dictionary-of-Concepts
../../cs.AI/2022/2207.09964v1/2207.09964v1.pdf,
../../cs.AI/2022/2201.01027v1/2201.01027v1.pdf,
../../cs.AI/2022/2207.00682v2/2207.00682v2.pdf,
../../cs.AI/2022/2202.11532v3/2202.11532v3.pdf,
../../cs.AI/2022/2206.12503v1/2206.12503v1.pdf,https://github.com/ChampiB/BTAI_3MF
../../cs.AI/2022/2203.05057v2/2203.05057v2.pdf,https://github.com/bi3mer/LinkingLevelSegments
